[
    {
        "orderNumber": 1,
        "city_mpg": 20,
        "classType": "compact car",
        "combination_mpg": 22,
        "cylinders": 4,
        "displacement": 2.2,
        "drive": "fwd",
        "fuel_type": "gas",
        "highway_mpg": 27,
        "make": "honda",
        "model": "accord",
        "transmission": "a",
        "year": 2021,
        "color": "blue",
        "imageUrl": "https://cdn.imagin.studio/getImage?customer=usvirginia-tech-student&make=honda&modelFamily=accord&modelYear=2022&angle=01",
        "pdfUrl": "Car1PDF"
    },
    {
        "orderNumber": 2,
        "city_mpg": 25,
        "classType": "subcompact car",
        "combination_mpg": 28,
        "cylinders": 4,
        "displacement": 1.5,
        "drive": "fwd",
        "fuel_type": "gas",
        "highway_mpg": 33,
        "make": "honda",
        "model": "civic",
        "transmission": "a",
        "year": 2022,
        "color": "black",
        "imageUrl": "https://cdn.imagin.studio/getImage?customer=usvirginia-tech-student&make=honda&modelFamily=civic&modelYear=2022&angle=01",
        "pdfUrl": "Car2PDF"
    },
    {
        "orderNumber": 3,
        "city_mpg": 18,
        "classType": "midsize car",
        "combination_mpg": 21,
        "cylinders": 4,
        "displacement": 2.2,
        "drive": "fwd",
        "fuel_type": "gas",
        "highway_mpg": 26,
        "make": "toyota",
        "model": "camry",
        "transmission": "a",
        "year": 2022,
        "color": "red",
        "imageUrl": "https://cdn.imagin.studio/getImage?customer=usvirginia-tech-student&make=toyota&modelFamily=camry&modelYear=2022&angle=01",
        "pdfUrl": "Car3PDF"
    },
    {
        "orderNumber": 4,
        "city_mpg": 23,
        "classType": "small sport utility vehicle",
        "combination_mpg": 26,
        "cylinders": 4,
        "displacement": 2.5,
        "drive": "fwd",
        "fuel_type": "gas",
        "highway_mpg": 30,
        "make": "toyota",
        "model": "rav4",
        "transmission": "a",
        "year": 2022,
        "color": "orange",
        "imageUrl": "https://cdn.imagin.studio/getImage?customer=usvirginia-tech-student&make=toyota&modelFamily=rav4&modelYear=2022&angle=01",
        "pdfUrl": "Car4PDF"
    },
    {
        "orderNumber": 5,
        "city_mpg": 22,
        "classType": "small sport utility vehicle",
        "combination_mpg": 24,
        "cylinders": 4,
        "displacement": 2,
        "drive": "fwd",
        "fuel_type": "gas",
        "highway_mpg": 28,
        "make": "mercedes-benz",
        "model": "glc300",
        "transmission": "a",
        "year": 2022,
        "color": "black",
        "imageUrl": "https://cdn.imagin.studio/getImage?customer=usvirginia-tech-student&make=mercedes&modelFamily=glc&modelYear=2022&angle=01",
        "pdfUrl": "Car5PDF"
    },
    {
        "orderNumber": 6,
        "city_mpg": 17,
        "classType": "subcompact car",
        "combination_mpg": 20,
        "cylinders": 6,
        "displacement": 3,
        "drive": "rwd",
        "fuel_type": "gas",
        "highway_mpg": 26,
        "make": "bmw",
        "model": "m3",
        "transmission": "a",
        "year": 2022,
        "color": "grey",
        "imageUrl": "https://cdn.imagin.studio/getImage?customer=usvirginia-tech-student&make=bmw&modelFamily=m3&modelYear=2022&angle=01",
        "pdfUrl": "Car6PDF"
    },
    {
        "orderNumber": 7,
        "city_mpg": 17,
        "classType": "compact car",
        "combination_mpg": 19,
        "cylinders": 6,
        "displacement": 2.8,
        "drive": "fwd",
        "fuel_type": "gas",
        "highway_mpg": 22,
        "make": "audi",
        "model": "a6",
        "transmission": "a",
        "year": 2022,
        "color": "blue",
        "imageUrl": "https://cdn.imagin.studio/getImage?customer=usvirginia-tech-student&make=audi&modelFamily=a6&modelYear=2022&angle=01",
        "pdfUrl": "Car7PDF"
    },
    {
        "orderNumber": 8,
        "city_mpg": 33,
        "classType": "midsize car",
        "combination_mpg": 37,
        "cylinders": 4,
        "displacement": 2.0,
        "drive": "fwd",
        "fuel_type": "gas",
        "highway_mpg": 43,
        "make": "hyundai",
        "model": "elantra",
        "transmission": "a",
        "year": 2021,
        "color": "red",
        "imageUrl": "https://cdn.imagin.studio/getImage?customer=usvirginia-tech-student&make=hyundai&modelFamily=elantra&modelYear=2021&angle=01",
        "pdfUrl": "Car8PDF"
    }
]
